time_unix;time_server;event;symbol;signal;trend;buy_checks;sell_checks;bid;ask;spread_points;balance;equity;risk_cash;position_side;position_volume;floating_pl;message
1783037383;2026.07.03 00:09:43;EA_START;XAUUSDm;WAIT;WAIT;0;0;4128.523;4128.763;240.0;0.00;0.00;0.00;FLAT;0.00;0.00;Exness Guard v1.32 initialized in SIGNALS ONLY
1783040400;2026.07.03 01:00:00;H1_EVALUATION;XAUUSDm;WAIT;WAIT;4;1;4147.067;4147.307;240.0;0.00;0.00;0.00;FLAT;0.00;0.00;BUY 4/5 | SELL 1/5 | RSI 70.1 | ADX 29.4 | ATR 22.62
1783040400;2026.07.03 01:00:00;ALERT_WATCH;XAUUSDm;WAIT;WAIT;4;1;4147.067;4147.307;240.0;0.00;0.00;0.00;FLAT;0.00;0.00;XAUUSDm BUY setup forming | 4/5 checks | NO TRADE YET
1783040758;2026.07.03 01:05:58;EA_STOP;XAUUSDm;WAIT;WAIT;4;1;4159.233;4159.473;240.0;0.00;0.00;0.00;FLAT;0.00;0.00;EA removed or terminal stopped, reason 9
1783040764;2026.07.03 01:06:04;EA_START;XAUUSDm;WAIT;WAIT;0;0;4159.897;4160.137;240.0;0.00;0.00;0.00;FLAT;0.00;0.00;Exness Guard v1.32 initialized in SIGNALS ONLY
1783044000;2026.07.03 02:00:00;H1_EVALUATION;XAUUSDm;WAIT;WAIT;3;1;4182.392;4182.632;240.0;0.00;0.00;0.00;FLAT;0.00;0.00;BUY 3/5 | SELL 1/5 | RSI 76.5 | ADX 35.6 | ATR 25.60
1783047600;2026.07.03 03:00:00;H1_EVALUATION;XAUUSDm;WAIT;WAIT;2;1;4183.257;4183.497;240.0;0.00;0.00;0.00;FLAT;0.00;0.00;BUY 2/5 | SELL 1/5 | RSI 76.7 | ADX 40.9 | ATR 25.27
1783051200;2026.07.03 04:00:00;H1_EVALUATION;XAUUSDm;WAIT;WAIT;3;1;4176.131;4176.371;240.0;0.00;0.00;0.00;FLAT;0.00;0.00;BUY 3/5 | SELL 1/5 | RSI 72.8 | ADX 44.3 | ATR 20.27
1783054800;2026.07.03 05:00:00;H1_EVALUATION;XAUUSDm;WAIT;WAIT;3;1;4178.884;4179.124;240.0;0.00;0.00;0.00;FLAT;0.00;0.00;BUY 3/5 | SELL 1/5 | RSI 73.4 | ADX 45.2 | ATR 18.48
1783058400;2026.07.03 06:00:00;H1_EVALUATION;XAUUSDm;WAIT;WAIT;3;1;4171.236;4171.476;240.0;0.00;0.00;0.00;FLAT;0.00;0.00;BUY 3/5 | SELL 1/5 | RSI 69.3 | ADX 43.3 | ATR 17.65
1783062000;2026.07.03 07:00:00;H1_EVALUATION;XAUUSDm;WAIT;WAIT;2;2;4173.178;4173.418;240.0;0.00;0.00;0.00;FLAT;0.00;0.00;BUY 2/5 | SELL 2/5 | RSI 69.8 | ADX 37.5 | ATR 17.45
1783065599;2026.07.03 07:59:59;H1_EVALUATION;XAUUSDm;WAIT;WAIT;3;1;4177.398;4177.638;240.0;0.00;0.00;0.00;FLAT;0.00;0.00;BUY 3/5 | SELL 1/5 | RSI 70.8 | ADX 35.2 | ATR 16.20
1783069200;2026.07.03 09:00:00;H1_EVALUATION;XAUUSDm;WAIT;WAIT;3;1;4180.957;4181.197;240.0;0.00;0.00;0.00;FLAT;0.00;0.00;BUY 3/5 | SELL 1/5 | RSI 71.6 | ADX 35.0 | ATR 15.87
1783072799;2026.07.03 09:59:59;H1_EVALUATION;XAUUSDm;WAIT;WAIT;3;1;4172.010;4172.250;240.0;0.00;0.00;0.00;FLAT;0.00;0.00;BUY 3/5 | SELL 1/5 | RSI 66.4 | ADX 31.3 | ATR 15.32
1783076399;2026.07.03 10:59:59;H1_EVALUATION;XAUUSDm;WAIT;WAIT;3;1;4176.856;4177.096;240.0;0.00;0.00;0.00;FLAT;0.00;0.00;BUY 3/5 | SELL 1/5 | RSI 67.9 | ADX 28.0 | ATR 14.90
1783079999;2026.07.03 11:59:59;H1_EVALUATION;XAUUSDm;WAIT;WAIT;3;1;4180.988;4181.228;240.0;0.00;0.00;0.00;FLAT;0.00;0.00;BUY 3/5 | SELL 1/5 | RSI 69.0 | ADX 27.3 | ATR 15.04
1783085200;2026.07.03 13:26:40;H1_EVALUATION;XAUUSDm;WAIT;WAIT;3;1;4171.328;4171.568;240.0;0.00;0.00;0.00;FLAT;0.00;0.00;BUY 3/5 | SELL 1/5 | RSI 66.3 | ADX 24.8 | ATR 15.43
1783165009;2026.07.04 11:36:49;EA_STOP;XAUUSDm;WAIT;WAIT;3;1;4174.661;4174.901;240.0;0.00;0.00;0.00;FLAT;0.00;0.00;EA removed or terminal stopped, reason 9
1783340080;2026.07.06 12:14:40;EA_START;XAUUSDm;WAIT;WAIT;0;0;4156.344;4156.584;240.0;0.00;0.00;0.00;FLAT;0.00;0.00;Exness Guard v1.32 initialized in SIGNALS ONLY
1783340080;2026.07.06 12:14:40;H1_EVALUATION;XAUUSDm;WAIT;WAIT;0;1;4156.181;4156.421;240.0;0.00;0.00;0.00;FLAT;0.00;0.00;BUY 0/5 | SELL 1/5 | RSI 49.0 | ADX 19.6 | ATR 17.41
1783342798;2026.07.06 12:59:58;H1_EVALUATION;XAUUSDm;WAIT;WAIT;0;2;4139.417;4139.657;240.0;0.00;0.00;0.00;FLAT;0.00;0.00;BUY 0/5 | SELL 2/5 | RSI 42.7 | ADX 20.2 | ATR 18.03
1783343742;2026.07.06 13:15:42;ALERT_NEWS;XAUUSDm;WAIT;WAIT;0;2;4139.514;4139.754;240.0;0.00;0.00;0.00;FLAT;0.00;0.00;USD high impact in 30 min | S&P Global Services PMI | new entries blocked
1783345542;2026.07.06 13:45:42;ALERT_NEWS;XAUUSDm;WAIT;WAIT;0;2;4146.088;4146.328;240.0;0.00;0.00;0.00;FLAT;0.00;0.00;USD high impact in 15 min | ISM Non-Manufacturing PMI | new entries blocked
1783346398;2026.07.06 13:59:58;H1_EVALUATION;XAUUSDm;WAIT;WAIT;0;2;4140.887;4141.127;240.0;0.00;0.00;0.00;FLAT;0.00;0.00;BUY 0/5 | SELL 2/5 | RSI 43.3 | ADX 20.8 | ATR 17.23
1783349999;2026.07.06 14:59:59;H1_EVALUATION;XAUUSDm;WAIT;WAIT;0;3;4138.436;4138.676;240.0;0.00;0.00;0.00;FLAT;0.00;0.00;BUY 0/5 | SELL 3/5 | RSI 42.2 | ADX 22.8 | ATR 17.19
1783353598;2026.07.06 15:59:58;H1_EVALUATION;XAUUSDm;WAIT;WAIT;0;2;4148.240;4148.480;240.0;0.00;0.00;0.00;FLAT;0.00;0.00;BUY 0/5 | SELL 2/5 | RSI 47.6 | ADX 22.3 | ATR 16.04
1783357200;2026.07.06 17:00:00;H1_EVALUATION;XAUUSDm;WAIT;WAIT;1;1;4154.899;4155.139;240.0;0.00;0.00;0.00;FLAT;0.00;0.00;BUY 1/5 | SELL 1/5 | RSI 50.8 | ADX 20.3 | ATR 15.79
1783360800;2026.07.06 18:00:00;H1_EVALUATION;XAUUSDm;WAIT;WAIT;1;1;4161.140;4161.380;240.0;0.00;0.00;0.00;FLAT;0.00;0.00;BUY 1/5 | SELL 1/5 | RSI 53.7 | ADX 19.0 | ATR 15.51
1783364400;2026.07.06 19:00:00;H1_EVALUATION;XAUUSDm;WAIT;WAIT;1;1;4163.842;4164.082;240.0;0.00;0.00;0.00;FLAT;0.00;0.00;BUY 1/5 | SELL 1/5 | RSI 54.9 | ADX 19.8 | ATR 15.71
1783368000;2026.07.06 20:00:00;H1_EVALUATION;XAUUSDm;WAIT;WAIT;1;1;4163.773;4164.013;240.0;0.00;0.00;0.00;FLAT;0.00;0.00;BUY 1/5 | SELL 1/5 | RSI 54.7 | ADX 20.5 | ATR 15.03
1783375231;2026.07.06 22:00:31;H1_EVALUATION;XAUUSDm;WAIT;WAIT;2;1;4166.053;4166.533;480.0;0.00;0.00;0.00;FLAT;0.00;0.00;BUY 2/5 | SELL 1/5 | RSI 55.1 | ADX 21.1 | ATR 14.35
1783378799;2026.07.06 22:59:59;H1_EVALUATION;XAUUSDm;WAIT;WAIT;2;1;4164.294;4164.534;240.0;0.00;0.00;0.00;FLAT;0.00;0.00;BUY 2/5 | SELL 1/5 | RSI 54.9 | ADX 24.3 | ATR 13.34
1783382399;2026.07.06 23:59:59;H1_EVALUATION;XAUUSDm;WAIT;WAIT;1;1;4157.318;4157.558;240.0;0.00;0.00;0.00;FLAT;0.00;0.00;BUY 1/5 | SELL 1/5 | RSI 50.5 | ADX 22.3 | ATR 12.61
1783385999;2026.07.07 00:59:59;H1_EVALUATION;XAUUSDm;WAIT;WAIT;0;2;4146.088;4146.328;240.0;0.00;0.00;0.00;FLAT;0.00;0.00;BUY 0/5 | SELL 2/5 | RSI 44.2 | ADX 21.0 | ATR 12.80
1783389599;2026.07.07 01:59:59;H1_EVALUATION;XAUUSDm;WAIT;WAIT;0;3;4141.637;4141.877;240.0;0.00;0.00;0.00;FLAT;0.00;0.00;BUY 0/5 | SELL 3/5 | RSI 42.0 | ADX 22.7 | ATR 13.40
1783393199;2026.07.07 02:59:59;H1_EVALUATION;XAUUSDm;WAIT;WAIT;0;3;4136.423;4136.663;240.0;0.00;0.00;0.00;FLAT;0.00;0.00;BUY 0/5 | SELL 3/5 | RSI 39.4 | ADX 24.1 | ATR 13.81
1783396799;2026.07.07 03:59:59;H1_EVALUATION;XAUUSDm;WAIT;WAIT;0;3;4130.946;4131.186;240.0;0.00;0.00;0.00;FLAT;0.00;0.00;BUY 0/5 | SELL 3/5 | RSI 37.0 | ADX 26.5 | ATR 12.99
1783400399;2026.07.07 04:59:59;H1_EVALUATION;XAUUSDm;WAIT;WAIT;0;3;4126.816;4127.056;240.0;0.00;0.00;0.00;FLAT;0.00;0.00;BUY 0/5 | SELL 3/5 | RSI 35.0 | ADX 28.1 | ATR 13.10
1783403999;2026.07.07 05:59:59;H1_EVALUATION;XAUUSDm;WAIT;WAIT;0;4;4124.160;4124.400;240.0;0.00;0.00;0.00;FLAT;0.00;0.00;BUY 0/5 | SELL 4/5 | RSI 33.9 | ADX 31.2 | ATR 12.82
1783403999;2026.07.07 05:59:59;ALERT_WATCH;XAUUSDm;WAIT;WAIT;0;4;4124.160;4124.400;240.0;0.00;0.00;0.00;FLAT;0.00;0.00;XAUUSDm SELL setup forming | 4/5 checks | NO TRADE YET
1783407599;2026.07.07 06:59:59;H1_EVALUATION;XAUUSDm;WAIT;WAIT;0;3;4130.351;4130.591;240.0;0.00;0.00;0.00;FLAT;0.00;0.00;BUY 0/5 | SELL 3/5 | RSI 38.9 | ADX 32.7 | ATR 12.61
1783411199;2026.07.07 07:59:59;H1_EVALUATION;XAUUSDm;WAIT;WAIT;0;3;4124.718;4124.958;240.0;0.00;0.00;0.00;FLAT;0.00;0.00;BUY 0/5 | SELL 3/5 | RSI 36.2 | ADX 33.5 | ATR 12.14
1783414799;2026.07.07 08:59:59;H1_EVALUATION;XAUUSDm;WAIT;WAIT;0;3;4126.071;4126.311;240.0;0.00;0.00;0.00;FLAT;0.00;0.00;BUY 0/5 | SELL 3/5 | RSI 37.4 | ADX 31.9 | ATR 12.59
1783418399;2026.07.07 09:59:59;H1_EVALUATION;XAUUSDm;WAIT;WAIT;0;3;4131.078;4131.318;240.0;0.00;0.00;0.00;FLAT;0.00;0.00;BUY 0/5 | SELL 3/5 | RSI 41.4 | ADX 31.2 | ATR 12.73
1783421999;2026.07.07 10:59:59;H1_EVALUATION;XAUUSDm;WAIT;SELL;1;3;4135.845;4136.085;240.0;0.00;0.00;0.00;FLAT;0.00;0.00;BUY 1/5 | SELL 3/5 | RSI 45.0 | ADX 27.6 | ATR 12.81
1783421999;2026.07.07 10:59:59;ALERT_TREND;XAUUSDm;WAIT;SELL;1;3;4135.845;4136.085;240.0;0.00;0.00;0.00;FLAT;0.00;0.00;XAUUSDm H1/H4 trend changed to SELL | BUY 1/5 | SELL 3/5 | RSI 45.0 | ADX 27.6 | ATR 12.81
1783425599;2026.07.07 11:59:59;H1_EVALUATION;XAUUSDm;WAIT;WAIT;3;1;4156.728;4156.968;240.0;0.00;0.00;0.00;FLAT;0.00;0.00;BUY 3/5 | SELL 1/5 | RSI 57.7 | ADX 27.5 | ATR 14.40
1783429199;2026.07.07 12:59:59;H1_EVALUATION;XAUUSDm;WAIT;WAIT;4;1;4172.104;4172.344;240.0;0.00;0.00;0.00;FLAT;0.00;0.00;BUY 4/5 | SELL 1/5 | RSI 64.3 | ADX 29.7 | ATR 15.52
1783429199;2026.07.07 12:59:59;ALERT_WATCH;XAUUSDm;WAIT;WAIT;4;1;4172.104;4172.344;240.0;0.00;0.00;0.00;FLAT;0.00;0.00;XAUUSDm BUY setup forming | 4/5 checks | NO TRADE YET
1783432799;2026.07.07 13:59:59;H1_EVALUATION;XAUUSDm;WAIT;WAIT;3;1;4158.544;4158.784;240.0;0.00;0.00;0.00;FLAT;0.00;0.00;BUY 3/5 | SELL 1/5 | RSI 56.2 | ADX 32.1 | ATR 16.63
1783436399;2026.07.07 14:59:59;H1_EVALUATION;XAUUSDm;WAIT;WAIT;2;1;4154.137;4154.377;240.0;0.00;0.00;0.00;FLAT;0.00;0.00;BUY 2/5 | SELL 1/5 | RSI 53.8 | ADX 30.6 | ATR 16.79
1783439999;2026.07.07 15:59:59;H1_EVALUATION;XAUUSDm;WAIT;WAIT;1;1;4138.923;4139.163;240.0;0.00;0.00;0.00;FLAT;0.00;0.00;BUY 1/5 | SELL 1/5 | RSI 46.3 | ADX 27.4 | ATR 16.62
1783443599;2026.07.07 16:59:59;H1_EVALUATION;XAUUSDm;WAIT;WAIT;1;1;4145.005;4145.245;240.0;0.00;0.00;0.00;FLAT;0.00;0.00;BUY 1/5 | SELL 1/5 | RSI 49.3 | ADX 24.6 | ATR 16.36
1783447199;2026.07.07 17:59:59;H1_EVALUATION;XAUUSDm;WAIT;WAIT;1;1;4144.483;4144.723;240.0;0.00;0.00;0.00;FLAT;0.00;0.00;BUY 1/5 | SELL 1/5 | RSI 49.0 | ADX 22.7 | ATR 15.81
1783450798;2026.07.07 18:59:58;H1_EVALUATION;XAUUSDm;WAIT;WAIT;0;2;4126.977;4127.217;240.0;0.00;0.00;0.00;FLAT;0.00;0.00;BUY 0/5 | SELL 2/5 | RSI 41.4 | ADX 21.9 | ATR 16.16
1783454398;2026.07.07 19:59:58;H1_EVALUATION;XAUUSDm;WAIT;SELL;0;5;4113.971;4114.211;240.0;0.00;0.00;0.00;FLAT;0.00;0.00;BUY 0/5 | SELL 5/5 | RSI 36.8 | ADX 24.1 | ATR 17.66
1783454398;2026.07.07 19:59:58;ALERT_TREND;XAUUSDm;WAIT;SELL;0;5;4113.971;4114.211;240.0;0.00;0.00;0.00;FLAT;0.00;0.00;XAUUSDm H1/H4 trend changed to SELL | BUY 0/5 | SELL 5/5 | RSI 36.8 | ADX 24.1 | ATR 17.66
1783454398;2026.07.07 19:59:58;ALERT_TRADE;XAUUSDm;SELL;SELL;0;5;4113.971;4114.211;240.0;0.00;0.00;0.00;FLAT;0.00;0.00;XAUUSDm SELL confirmed | BUY 0/5 | SELL 5/5 | RSI 36.8 | ADX 24.1 | ATR 17.66
1783454398;2026.07.07 19:59:58;SHADOW_ENTRY;XAUUSDm;SELL;SELL;0;5;4113.971;4114.211;240.0;0.00;0.00;0.00;FLAT;0.00;0.00;XAUUSDm virtual SELL 0.07 lots | entry 4113.971 | SL 4140.467 | TP 4060.978 | risk 185.47
1783454398;2026.07.07 19:59:58;ALERT_PAPER;XAUUSDm;SELL;SELL;0;5;4113.971;4114.211;240.0;0.00;0.00;0.00;FLAT;0.00;0.00;XAUUSDm virtual SELL 0.07 lots | entry 4113.971 | SL 4140.467 | TP 4060.978 | risk 185.47
1783462995;2026.07.07 22:23:15;H1_EVALUATION;XAUUSDm;SELL;SELL;0;4;4101.865;4102.125;260.0;0.00;0.00;0.00;FLAT;0.00;0.00;BUY 0/5 | SELL 4/5 | RSI 34.4 | ADX 26.0 | ATR 17.72
1783462995;2026.07.07 22:23:15;ALERT_WATCH;XAUUSDm;WAIT;SELL;0;4;4101.865;4102.125;260.0;0.00;0.00;0.00;FLAT;0.00;0.00;XAUUSDm SELL setup forming | 4/5 checks | NO TRADE YET
1783485882;2026.07.08 04:44:42;H1_EVALUATION;XAUUSDm;WAIT;SELL;1;2;4123.625;4123.865;240.0;0.00;0.00;0.00;FLAT;0.00;0.00;BUY 1/5 | SELL 2/5 | RSI 46.9 | ADX 22.7 | ATR 18.83
1783486065;2026.07.08 04:47:45;EA_STOP;XAUUSDm;WAIT;SELL;1;2;4126.140;4126.380;240.0;0.00;0.00;0.00;FLAT;0.00;0.00;EA removed or terminal stopped, reason 9
1783523047;2026.07.08 15:04:07;EA_START;XAUUSDm;WAIT;WAIT;0;0;4038.779;4039.019;240.0;0.00;0.00;0.00;FLAT;0.00;0.00;Exness Guard v1.32 initialized in SIGNALS ONLY
1783523047;2026.07.08 15:04:07;SHADOW_EXIT;XAUUSDm;WAIT;WAIT;0;0;4038.728;4038.968;240.0;0.00;0.00;0.00;FLAT;0.00;0.00;XAUUSDm virtual TARGET | 2.83R | P/L 525.02 | MFE 2.83R | MAE -0.49R
1783523047;2026.07.08 15:04:07;ALERT_PAPER;XAUUSDm;WAIT;WAIT;0;0;4038.728;4038.968;240.0;0.00;0.00;0.00;FLAT;0.00;0.00;XAUUSDm virtual TARGET | 2.83R | P/L 525.02 | MFE 2.83R | MAE -0.49R
1783523047;2026.07.08 15:04:07;H1_EVALUATION;XAUUSDm;WAIT;SELL;0;3;4038.728;4038.968;240.0;0.00;0.00;0.00;FLAT;0.00;0.00;BUY 0/5 | SELL 3/5 | RSI 29.9 | ADX 21.7 | ATR 23.26
1783523047;2026.07.08 15:04:07;ALERT_TREND;XAUUSDm;WAIT;SELL;0;3;4038.728;4038.968;240.0;0.00;0.00;0.00;FLAT;0.00;0.00;XAUUSDm H1/H4 trend changed to SELL | BUY 0/5 | SELL 3/5 | RSI 29.9 | ADX 21.7 | ATR 23.26
1783523405;2026.07.08 15:10:05;EA_STOP;XAUUSDm;WAIT;SELL;0;3;4040.376;4040.616;240.0;0.00;0.00;0.00;FLAT;0.00;0.00;EA removed or terminal stopped, reason 6
1783523405;2026.07.08 15:10:05;EA_START;XAUUSDm;WAIT;WAIT;0;0;4040.376;4040.616;240.0;0.00;0.00;0.00;FLAT;0.00;0.00;Exness Guard v1.32 initialized in SIGNALS ONLY
1783526397;2026.07.08 15:59:57;H1_EVALUATION;XAUUSDm;WAIT;SELL;0;4;4034.133;4034.373;240.0;0.00;0.00;0.00;FLAT;0.00;0.00;BUY 0/5 | SELL 4/5 | RSI 28.5 | ADX 24.2 | ATR 23.29
1783526397;2026.07.08 15:59:57;ALERT_TREND;XAUUSDm;WAIT;SELL;0;4;4034.133;4034.373;240.0;0.00;0.00;0.00;FLAT;0.00;0.00;XAUUSDm H1/H4 trend changed to SELL | BUY 0/5 | SELL 4/5 | RSI 28.5 | ADX 24.2 | ATR 23.29
1783526397;2026.07.08 15:59:57;ALERT_WATCH;XAUUSDm;WAIT;SELL;0;4;4034.133;4034.373;240.0;0.00;0.00;0.00;FLAT;0.00;0.00;XAUUSDm SELL setup forming | 4/5 checks | NO TRADE YET
1783528207;2026.07.08 16:30:07;ALERT_NEWS;XAUUSDm;WAIT;SELL;0;4;4042.995;4043.235;240.0;0.00;0.00;0.00;FLAT;0.00;0.00;USD high impact in 30 min | 10-Year Note Auction | new entries blocked
1783529997;2026.07.08 16:59:57;H1_EVALUATION;XAUUSDm;WAIT;SELL;0;4;4063.561;4063.801;240.0;0.00;0.00;0.00;FLAT;0.00;0.00;BUY 0/5 | SELL 4/5 | RSI 40.8 | ADX 22.8 | ATR 24.17
1783529997;2026.07.08 16:59:57;ALERT_WATCH;XAUUSDm;WAIT;SELL;0;4;4063.561;4063.801;240.0;0.00;0.00;0.00;FLAT;0.00;0.00;XAUUSDm SELL setup forming | 4/5 checks | NO TRADE YET
1783533597;2026.07.08 17:59:57;H1_EVALUATION;XAUUSDm;WAIT;SELL;0;3;4065.670;4065.910;240.0;0.00;0.00;0.00;FLAT;0.00;0.00;BUY 0/5 | SELL 3/5 | RSI 41.7 | ADX 20.9 | ATR 24.17
1783534497;2026.07.08 18:14:57;EA_STOP;XAUUSDm;WAIT;SELL;0;3;4075.071;4075.311;240.0;0.00;0.00;0.00;FLAT;0.00;0.00;EA removed or terminal stopped, reason 1
1783534500;2026.07.08 18:15:00;EA_START;XAUUSDm;WAIT;WAIT;0;0;4074.492;4074.732;240.0;0.00;0.00;0.00;FLAT;0.00;0.00;Exness Guard v1.32 initialized in SIGNALS ONLY
1783535356;2026.07.08 18:29:16;EA_STOP;XAUUSDm;WAIT;WAIT;0;0;4070.046;4070.286;240.0;0.00;0.00;0.00;FLAT;0.00;0.00;EA removed or terminal stopped, reason 6
1783535356;2026.07.08 18:29:16;EA_START;XAUUSDm;WAIT;WAIT;0;0;4070.046;4070.286;240.0;0.00;0.00;0.00;FLAT;0.00;0.00;Exness Guard v1.32 initialized in SIGNALS ONLY
1783537197;2026.07.08 18:59:57;H1_EVALUATION;XAUUSDm;WAIT;WAIT;0;1;4084.234;4084.474;240.0;0.00;0.00;0.00;FLAT;0.00;0.00;BUY 0/5 | SELL 1/5 | RSI 48.1 | ADX 20.9 | ATR 25.60
1783537274;2026.07.08 19:01:14;EA_STOP;XAUUSDm;WAIT;WAIT;0;1;4089.586;4089.826;240.0;0.00;0.00;0.00;FLAT;0.00;0.00;EA removed or terminal stopped, reason 9
1783537380;2026.07.08 19:03:00;EA_START;XAUUSDm;WAIT;WAIT;0;0;4087.379;4087.619;240.0;0.00;0.00;0.00;FLAT;0.00;0.00;Exness Guard v1.32 initialized in SIGNALS ONLY
1783540797;2026.07.08 19:59:57;H1_EVALUATION;XAUUSDm;WAIT;SELL;0;2;4080.123;4080.363;240.0;0.00;0.00;0.00;FLAT;0.00;0.00;BUY 0/5 | SELL 2/5 | RSI 46.8 | ADX 20.9 | ATR 25.61
1783540797;2026.07.08 19:59:57;ALERT_TREND;XAUUSDm;WAIT;SELL;0;2;4080.123;4080.363;240.0;0.00;0.00;0.00;FLAT;0.00;0.00;XAUUSDm H1/H4 trend changed to SELL | BUY 0/5 | SELL 2/5 | RSI 46.8 | ADX 20.9 | ATR 25.61
1783548029;2026.07.08 22:00:29;H1_EVALUATION;XAUUSDm;WAIT;SELL;0;2;4077.952;4078.532;580.0;0.00;0.00;0.00;FLAT;0.00;0.00;BUY 0/5 | SELL 2/5 | RSI 46.0 | ADX 18.4 | ATR 25.63
1783551597;2026.07.08 22:59:57;H1_EVALUATION;XAUUSDm;WAIT;SELL;0;2;4076.626;4076.866;240.0;0.00;0.00;0.00;FLAT;0.00;0.00;BUY 0/5 | SELL 2/5 | RSI 45.8 | ADX 16.1 | ATR 25.24
1783555197;2026.07.08 23:59:57;H1_EVALUATION;XAUUSDm;WAIT;SELL;0;2;4076.084;4076.324;240.0;0.00;0.00;0.00;FLAT;0.00;0.00;BUY 0/5 | SELL 2/5 | RSI 45.6 | ADX 14.5 | ATR 20.71
1783558800;2026.07.09 01:00:00;H1_EVALUATION;XAUUSDm;WAIT;SELL;0;3;4073.903;4074.143;240.0;0.00;0.00;0.00;FLAT;0.00;0.00;BUY 0/5 | SELL 3/5 | RSI 44.8 | ADX 14.9 | ATR 20.73
1783562400;2026.07.09 02:00:00;H1_EVALUATION;XAUUSDm;WAIT;SELL;0;3;4073.057;4073.297;240.0;0.00;0.00;0.00;FLAT;0.00;0.00;BUY 0/5 | SELL 3/5 | RSI 44.3 | ADX 13.0 | ATR 20.60
1783566000;2026.07.09 03:00:00;H1_EVALUATION;XAUUSDm;WAIT;SELL;0;3;4065.083;4065.323;240.0;0.00;0.00;0.00;FLAT;0.00;0.00;BUY 0/5 | SELL 3/5 | RSI 41.4 | ADX 12.2 | ATR 19.69
1783569600;2026.07.09 04:00:00;H1_EVALUATION;XAUUSDm;WAIT;SELL;0;3;4064.111;4064.351;240.0;0.00;0.00;0.00;FLAT;0.00;0.00;BUY 0/5 | SELL 3/5 | RSI 41.0 | ADX 13.0 | ATR 18.65
1783573200;2026.07.09 05:00:00;H1_EVALUATION;XAUUSDm;WAIT;SELL;0;3;4064.201;4064.441;240.0;0.00;0.00;0.00;FLAT;0.00;0.00;BUY 0/5 | SELL 3/5 | RSI 41.1 | ADX 13.7 | ATR 17.96
1783576800;2026.07.09 06:00:00;H1_EVALUATION;XAUUSDm;WAIT;WAIT;0;1;4081.940;4082.180;240.0;0.00;0.00;0.00;FLAT;0.00;0.00;BUY 0/5 | SELL 1/5 | RSI 50.4 | ADX 13.9 | ATR 16.74
1783580399;2026.07.09 06:59:59;H1_EVALUATION;XAUUSDm;WAIT;WAIT;2;1;4107.869;4108.109;240.0;0.00;0.00;0.00;FLAT;0.00;0.00;BUY 2/5 | SELL 1/5 | RSI 60.4 | ADX 16.8 | ATR 17.08
1783583999;2026.07.09 07:59:59;H1_EVALUATION;XAUUSDm;WAIT;WAIT;1;1;4107.765;4108.005;240.0;0.00;0.00;0.00;FLAT;0.00;0.00;BUY 1/5 | SELL 1/5 | RSI 60.3 | ADX 20.0 | ATR 15.55
1783587599;2026.07.09 08:59:59;H1_EVALUATION;XAUUSDm;WAIT;WAIT;2;1;4108.424;4108.664;240.0;0.00;0.00;0.00;FLAT;0.00;0.00;BUY 2/5 | SELL 1/5 | RSI 60.5 | ADX 23.9 | ATR 15.26
1783591200;2026.07.09 10:00:00;H1_EVALUATION;XAUUSDm;WAIT;WAIT;2;1;4106.196;4106.436;240.0;0.00;0.00;0.00;FLAT;0.00;0.00;BUY 2/5 | SELL 1/5 | RSI 59.2 | ADX 25.9 | ATR 13.91
1783594799;2026.07.09 10:59:59;H1_EVALUATION;XAUUSDm;WAIT;WAIT;2;1;4099.011;4099.251;240.0;0.00;0.00;0.00;FLAT;0.00;0.00;BUY 2/5 | SELL 1/5 | RSI 55.2 | ADX 24.7 | ATR 14.15
1783598399;2026.07.09 11:59:59;H1_EVALUATION;XAUUSDm;WAIT;WAIT;2;1;4108.623;4108.863;240.0;0.00;0.00;0.00;FLAT;0.00;0.00;BUY 2/5 | SELL 1/5 | RSI 59.2 | ADX 23.7 | ATR 14.22
1783598403;2026.07.09 12:00:03;ALERT_NEWS;XAUUSDm;WAIT;WAIT;2;1;4108.069;4108.309;240.0;0.00;0.00;0.00;FLAT;0.00;0.00;USD high impact in 30 min | Initial Jobless Claims | new entries blocked
1783601999;2026.07.09 12:59:59;H1_EVALUATION;XAUUSDm;WAIT;WAIT;2;1;4107.746;4107.986;240.0;0.00;0.00;0.00;FLAT;0.00;0.00;BUY 2/5 | SELL 1/5 | RSI 58.8 | ADX 25.2 | ATR 14.96
1783603803;2026.07.09 13:30:03;ALERT_NEWS;XAUUSDm;WAIT;WAIT;2;1;4124.676;4124.916;240.0;0.00;0.00;0.00;FLAT;0.00;0.00;USD high impact in 30 min | Existing Home Sales | new entries blocked
1783605599;2026.07.09 13:59:59;H1_EVALUATION;XAUUSDm;WAIT;WAIT;2;1;4121.802;4122.042;240.0;0.00;0.00;0.00;FLAT;0.00;0.00;BUY 2/5 | SELL 1/5 | RSI 64.1 | ADX 27.2 | ATR 16.17
1783609199;2026.07.09 14:59:59;H1_EVALUATION;XAUUSDm;WAIT;WAIT;2;1;4127.699;4127.939;240.0;0.00;0.00;0.00;FLAT;0.00;0.00;BUY 2/5 | SELL 1/5 | RSI 66.0 | ADX 29.8 | ATR 16.34
1783612799;2026.07.09 15:59:59;H1_EVALUATION;XAUUSDm;WAIT;WAIT;2;1;4126.596;4126.836;240.0;0.00;0.00;0.00;FLAT;0.00;0.00;BUY 2/5 | SELL 1/5 | RSI 65.4 | ADX 32.0 | ATR 15.73
1783614603;2026.07.09 16:30:03;ALERT_NEWS;XAUUSDm;WAIT;WAIT;2;1;4132.129;4132.369;240.0;0.00;0.00;0.00;FLAT;0.00;0.00;USD high impact in 30 min | 30-Year Bond Auction | new entries blocked
1783616399;2026.07.09 16:59:59;H1_EVALUATION;XAUUSDm;WAIT;WAIT;3;1;4128.181;4128.421;240.0;0.00;0.00;0.00;FLAT;0.00;0.00;BUY 3/5 | SELL 1/5 | RSI 65.8 | ADX 35.1 | ATR 15.29
